-- MariaDB dump aangepast voor correcte FK-volgorde

-- 1. Tabelstructuur voor `user`
DROP TABLE IF EXISTS `user`;
CREATE TABLE `user` (
  `id` int NOT NULL AUTO_INCREMENT,
  `firstName` varchar(255) NOT NULL,
  `lastName` varchar(255) NOT NULL,
  `isActive` tinyint NOT NULL DEFAULT '1',
  `emailAdress` varchar(255) NOT NULL,
  `password` varchar(255) NOT NULL,
  `phoneNumber` varchar(255) DEFAULT '-',
  `roles` set('admin','editor','guest') NOT NULL DEFAULT 'editor,guest',
  `street` varchar(255) NOT NULL,
  `city` varchar(255) NOT NULL,
  PRIMARY KEY (`id`),
  UNIQUE KEY `IDX_87877a938268391a71723b303c` (`emailAdress`)
) ENGINE=InnoDB AUTO_INCREMENT=41 DEFAULT CHARSET=utf8mb4 COLLATE=utf8mb4_general_ci;

-- 2. Tabelstructuur voor `meal`
DROP TABLE IF EXISTS `meal`;
CREATE TABLE `meal` (
  `id` int NOT NULL AUTO_INCREMENT,
  `isActive` tinyint NOT NULL DEFAULT '0',
  `isVega` tinyint NOT NULL DEFAULT '0',
  `isVegan` tinyint NOT NULL DEFAULT '0',
  `isToTakeHome` tinyint NOT NULL DEFAULT '1',
  `dateTime` datetime NOT NULL,
  `maxAmountOfParticipants` int NOT NULL DEFAULT '6',
  `price` decimal(5,2) NOT NULL,
  `imageUrl` varchar(255) NOT NULL,
  `cookId` int DEFAULT NULL,
  `createDate` datetime(6) NOT NULL DEFAULT CURRENT_TIMESTAMP(6),
  `updateDate` datetime(6) NOT NULL DEFAULT CURRENT_TIMESTAMP(6) ON UPDATE CURRENT_TIMESTAMP(6),
  `name` varchar(200) NOT NULL,
  `description` varchar(400) NOT NULL,
  `allergenes` set('gluten','lactose','noten') NOT NULL DEFAULT '',
  PRIMARY KEY (`id`),
  KEY `FK_e325266e1b4188f981a00677580` (`cookId`),
  CONSTRAINT `FK_e325266e1b4188f981a00677580` FOREIGN KEY (`cookId`) REFERENCES `user` (`id`)
) ENGINE=InnoDB AUTO_INCREMENT=36 DEFAULT CHARSET=utf8mb4 COLLATE=utf8mb4_general_ci;

-- 3. Tabelstructuur voor `meal_participants_user`
DROP TABLE IF EXISTS `meal_participants_user`;
CREATE TABLE `meal_participants_user` (
  `mealId` int NOT NULL,
  `userId` int NOT NULL,
  PRIMARY KEY (`mealId`,`userId`),
  KEY `IDX_726a90e82859401ab88867dec7` (`mealId`),
  KEY `IDX_6d0a7d816bf85b634a3c6a83ac` (`userId`),
  CONSTRAINT `FK_6d0a7d816bf85b634a3c6a83aca` FOREIGN KEY (`userId`) REFERENCES `user` (`id`) ON DELETE CASCADE ON UPDATE CASCADE,
  CONSTRAINT `FK_726a90e82859401ab88867dec7f` FOREIGN KEY (`mealId`) REFERENCES `meal` (`id`) ON DELETE CASCADE ON UPDATE CASCADE
) ENGINE=InnoDB DEFAULT CHARSET=utf8mb4 COLLATE=utf8mb4_general_ci;

-- 4. Data voor `user`
LOCK TABLES `user` WRITE;
INSERT INTO `user` VALUES 
(1,'Mariëtte','van den Dullemen',1,'m.vandullemen@server.nl','secret','','','',''),
(2,'John','Doe',1,'j.doe@server.com','secret','06 12425475','editor,guest','',''),
(3,'Herman','Huizinga',1,'h.huizinga@server.nl','secret','06-12345678','editor,guest','',''),
(4,'Marieke','Van Dam',0,'m.vandam@server.nl','secret','06-12345678','editor,guest','',''),
(5,'Henk','Tank',1,'h.tank@server.com','secret','06 12425495','editor,guest','','');
UNLOCK TABLES;

-- 5. Data voor `meal`
LOCK TABLES `meal` WRITE;
INSERT INTO `meal` VALUES 
(1,1,0,0,1,'2022-03-22 17:35:00',4,12.75,'https://miljuschka.nl/wp-content/uploads/2021/02/Pasta-bolognese-3-2.jpg',1,'2022-02-26 18:12:40.048998','2022-04-26 12:33:51.000000','Pasta Bolognese met tomaat, spekjes en kaas','Een heerlijke klassieker! Altijd goed voor tevreden gesmikkel!','gluten,lactose'),
(2,1,1,0,0,'2022-05-22 13:35:00',4,12.75,'https://static.ah.nl/static/recepten/img_RAM_PRD159322_1024x748_JPG.jpg',2,'2022-02-26 18:12:40.048998','2022-04-25 12:56:05.000000','Aubergine uit de oven met feta, muntrijst en tomatensaus','Door aubergines in de oven te roosteren worden ze heerlijk zacht. De balsamico maakt ze heerlijk zoet.','noten'),
(3,1,0,0,1,'2022-05-22 17:30:00',4,10.75,'https://static.ah.nl/static/recepten/img_099918_1024x748_JPG.jpg',2,'2022-02-26 18:12:40.048998','2022-03-15 14:10:19.000000','Spaghetti met tapenadekip uit de oven en frisse salade','Perfect voor doordeweeks, maar ook voor gasten tijdens een feestelijk avondje.','gluten,lactose'),
(4,1,0,0,0,'2022-03-26 21:22:26',4,4.00,'https://static.ah.nl/static/recepten/img_063387_890x594_JPG.jpg',3,'2022-03-06 21:23:45.419085','2022-03-12 19:51:57.000000','Zuurkool met spekjes','Heerlijke zuurkoolschotel, dé winterkost bij uitstek. ',''), 
(5,1,1,0,1,'2022-03-26 21:24:46',6,6.75,'https://www.kikkoman.nl/fileadmin/_processed_/5/7/csm_WEB_Bonte_groenteschotel_6851203953.jpg',3,'2022-03-06 21:26:33.048938','2022-03-12 19:50:13.000000','Groentenschotel uit de oven','Misschien wel de lekkerste schotel uit de oven! En vol vitaminen! Dat wordt smikkelen. Als je van groenten houdt ben je van harte welkom. Wel eerst even aanmelden.','');
UNLOCK TABLES;

-- 6. Data voor `meal_participants_user`
LOCK TABLES `meal_participants_user` WRITE;
INSERT INTO `meal_participants_user` VALUES 
(1,2),
(1,3),
(1,5),
(2,4),
(3,3),
(3,4),
(4,2),
(5,4);
UNLOCK TABLES;
